<manifest><control namespace="CustomControl" constructor="CustomHTMLTooltip" version="0.0.1" display-name-key="CustomHTMLTooltip" description-key="CustomHTMLTooltip description" control-type="standard" api-version="1.3.18"><external-service-usage enabled="false" /><property name="tooltipContent" display-name-key="Tooltip Content" description-key="HTML content for the tooltip" of-type="SingleLine.TextArea" usage="bound" required="true" /><property name="placement" display-name-key="Placement" description-key="Tooltip placement (top, bottom, left, right)" of-type="SingleLine.Text" usage="bound" required="true" /><property name="isVisible" display-name-key="Is Visible" description-key="Show or hide the tooltip" of-type="TwoOptions" usage="bound" required="true" /><property name="containerBgColor" display-name-key="Container Background Color" description-key="Background color of the container (CSS color)" of-type="SingleLine.Text" usage="bound" required="false" /><property name="tooltipWidth" display-name-key="Tooltip Width" description-key="Width of the tooltip (px)" of-type="Whole.None" usage="bound" required="false" /><property name="tooltipHeight" display-name-key="Tooltip Height" description-key="Height of the tooltip (px)" of-type="Whole.None" usage="bound" required="false" /><property name="contentHeightAutoResizable" display-name-key="Content Height Auto Resizeable" description-key="If true, tooltip height resizes to content. If false, uses tooltipHeight." of-type="TwoOptions" usage="bound" required="false" /><property name="arrowSize" display-name-key="Arrow Size" description-key="Size of the tooltip arrow (px)" of-type="Whole.None" usage="bound" required="false" /><property name="arrowColor" display-name-key="Arrow Color" description-key="Color of the tooltip arrow (CSS color)" of-type="SingleLine.Text" usage="bound" required="false" /><property name="tooltipOffset" display-name-key="Tooltip Offset" description-key="Gap between tooltip and container (px)" of-type="Whole.None" usage="bound" required="false" /><property name="borderWidth" display-name-key="Border Width" description-key="Width of the tooltip border (px)" of-type="Whole.None" usage="bound" required="false" /><property name="borderColor" display-name-key="Border Color" description-key="Color of the tooltip border (CSS color)" of-type="SingleLine.Text" usage="bound" required="false" /><property name="borderStyle" display-name-key="Border Style" description-key="Style of the tooltip border (solid, dashed, dotted, etc.)" of-type="SingleLine.Text" usage="bound" required="false" /><property name="borderRadius" display-name-key="Border Radius" description-key="Border radius of the tooltip (px)" of-type="Whole.None" usage="bound" required="false" /><property name="shadowOffsetX" display-name-key="Shadow Offset X" description-key="Horizontal offset of the tooltip shadow (px)" of-type="Whole.None" usage="bound" required="false" /><property name="shadowOffsetY" display-name-key="Shadow Offset Y" description-key="Vertical offset of the tooltip shadow (px)" of-type="Whole.None" usage="bound" required="false" /><property name="shadowBlur" display-name-key="Shadow Blur" description-key="Blur radius of the tooltip shadow (px)" of-type="Whole.None" usage="bound" required="false" /><property name="shadowSpread" display-name-key="Shadow Spread" description-key="Spread radius of the tooltip shadow (px)" of-type="Whole.None" usage="bound" required="false" /><property name="shadowColor" display-name-key="Shadow Color" description-key="Color of the tooltip shadow (CSS color)" of-type="SingleLine.Text" usage="bound" required="false" /><property name="transitionDuration" display-name-key="Transition Duration" description-key="Duration of tooltip show/hide transition (ms)" of-type="Whole.None" usage="bound" required="false" /><property name="animationType" display-name-key="Animation Type" description-key="Type of tooltip animation (fade, scale, slide, etc.)" of-type="SingleLine.Text" usage="bound" required="false" /><property name="animationDirection" display-name-key="Animation Direction" description-key="Direction for slide animations (up, down, left, right)" of-type="SingleLine.Text" usage="bound" required="false" /><property name="hoverDelay" display-name-key="Hover Delay" description-key="Delay before showing tooltip on hover (ms)" of-type="Whole.None" usage="bound" required="false" /><property name="hideDelay" display-name-key="Hide Delay" description-key="Delay before hiding tooltip after mouse leave (ms)" of-type="Whole.None" usage="bound" required="false" /><property name="paddingTop" display-name-key="Padding Top" description-key="Top padding inside the tooltip (px)" of-type="Whole.None" usage="bound" required="false" /><property name="paddingRight" display-name-key="Padding Right" description-key="Right padding inside the tooltip (px)" of-type="Whole.None" usage="bound" required="false" /><property name="paddingBottom" display-name-key="Padding Bottom" description-key="Bottom padding inside the tooltip (px)" of-type="Whole.None" usage="bound" required="false" /><property name="paddingLeft" display-name-key="Padding Left" description-key="Left padding inside the tooltip (px)" of-type="Whole.None" usage="bound" required="false" /><resources><code path="bundle.js" order="1" /></resources><feature-usage /><built-by name="pac" version="1.47.1" /></control></manifest>