<ImportExportXml xmlns:xsi="http://www.w3.org/2001/XMLSchema-instance" OrganizationVersion="9.2.25112.165" OrganizationSchemaType="Standard" CRMServerServiceabilityVersion="9.2.25112.00165">
  <Entities></Entities>
  <Roles></Roles>
  <Workflows></Workflows>
  <FieldSecurityProfiles></FieldSecurityProfiles>
  <Templates />
  <EntityMaps />
  <EntityRelationships />
  <OrganizationSettings />
  <optionsets />
  <CustomControls />
  <EntityDataProviders />
  <CanvasApps>
    <CanvasApp>
      <Name>jc_animatelikeapro_2c4bf</Name>
      <AppVersion>2025-09-11T19:45:06Z</AppVersion>
      <Status>Ready</Status>
      <CreatedByClientVersion>3.25084.7.0</CreatedByClientVersion>
      <MinClientVersion>3.25084.7.0</MinClientVersion>
      <Tags>{"primaryDeviceWidth":"1366","primaryDeviceHeight":"768","supportsPortrait":"true","supportsLandscape":"true","primaryFormFactor":"Tablet","showStatusBar":"false","publisherVersion":"3.25084.7","minimumRequiredApiVersion":"2.2.0","hasComponent":"true","hasUnlockedComponent":"true","isUnifiedRootApp":"false","sienaVersion":"20250911T191304Z-3.25084.7.0"}</Tags>
      <IsCdsUpgraded>0</IsCdsUpgraded>
      <GalleryItemId xsi:nil="true"></GalleryItemId>
      <BackgroundColor>rgba(255, 255, 255, 1)</BackgroundColor>
      <DisplayName>Animate like a pro</DisplayName>
      <Description>janchlebek.com demo for Canvas Apps animations</Description>
      <CommitMessage xsi:nil="true"></CommitMessage>
      <Publisher xsi:nil="true"></Publisher>
      <AuthorizationReferences>[]</AuthorizationReferences>
      <ConnectionReferences>{}</ConnectionReferences>
      <DatabaseReferences>{"default.cds":{"databaseDetails":{"referenceType":"Environmental","environmentName":"default.cds","overrideValues":{"status":"NotSpecified"}},"dataSources":{},"components":[{"componentName":"CustomControl","identifier":"pblab_CustomControl.CustomHTMLTooltip","identifierType":"LogicalName","capabilities":{"pcfExternalServiceUsageAllowed":false}},{"componentName":"CustomControl","identifier":"pblab_CustomControl.CustomHTMLTooltip","identifierType":"LogicalName","capabilities":{"pcfExternalServiceUsageAllowed":false}},{"componentName":"CustomControl","identifier":"pblab_CustomControl.CustomHTMLTooltip","identifierType":"LogicalName","capabilities":{"pcfExternalServiceUsageAllowed":false}},{"componentName":"CustomControl","identifier":"eax_Eax.LottieComponent","identifierType":"LogicalName","capabilities":{"pcfExternalServiceUsageAllowed":false}},{"componentName":"CustomControl","identifier":"eax_Eax.LottieComponent","identifierType":"LogicalName","capabilities":{"pcfExternalServiceUsageAllowed":false}},{"componentName":"CustomControl","identifier":"aln_OnHoverReactPCFAln.OnHover","identifierType":"LogicalName","capabilities":{"pcfExternalServiceUsageAllowed":false}},{"componentName":"CustomControl","identifier":"aln_OnHoverReactPCFAln.OnHover","identifierType":"LogicalName","capabilities":{"pcfExternalServiceUsageAllowed":false}},{"componentName":"CustomControl","identifier":"arv4_onhoverPcfARv4.Onhoverv4","identifierType":"LogicalName","capabilities":{"pcfExternalServiceUsageAllowed":false}},{"componentName":"CustomControl","identifier":"arv4_onhoverPcfARv4.Onhoverv4","identifierType":"LogicalName","capabilities":{"pcfExternalServiceUsageAllowed":false}},{"componentName":"CustomControl","identifier":"arv4_onhoverPcfARv4.Onhoverv4","identifierType":"LogicalName","capabilities":{"pcfExternalServiceUsageAllowed":false}},{"componentName":"CustomControl","identifier":"arv4_onhoverPcfARv4.Onhoverv4","identifierType":"LogicalName","capabilities":{"pcfExternalServiceUsageAllowed":false}},{"componentName":"CustomControl","identifier":"arv4_onhoverPcfARv4.Onhoverv4","identifierType":"LogicalName","capabilities":{"pcfExternalServiceUsageAllowed":false}},{"componentName":"CustomControl","identifier":"eax_Eax.LottieComponent","identifierType":"LogicalName","capabilities":{"pcfExternalServiceUsageAllowed":false}},{"componentName":"CustomControl","identifier":"aln_OnHoverReactPCFAln.OnHover","identifierType":"LogicalName","capabilities":{"pcfExternalServiceUsageAllowed":false}}]}}</DatabaseReferences>
      <AppComponents>[]</AppComponents>
      <AppComponentDependencies>[]</AppComponentDependencies>
      <CanConsumeAppPass>1</CanConsumeAppPass>
      <CanvasAppType>0</CanvasAppType>
      <BypassConsent>0</BypassConsent>
      <AdminControlBypassConsent>0</AdminControlBypassConsent>
      <EmbeddedApp xsi:nil="true"></EmbeddedApp>
      <IntroducedVersion>1.0</IntroducedVersion>
      <CdsDependencies>{"cdsdependencies":[{"dependencyid":"","logicalname":"pblab_CustomControl.CustomHTMLTooltip","componenttype":66,"componenttypeplatformname":"CustomControl"},{"dependencyid":"","logicalname":"pblab_CustomControl.CustomHTMLTooltip","componenttype":66,"componenttypeplatformname":"CustomControl"},{"dependencyid":"","logicalname":"pblab_CustomControl.CustomHTMLTooltip","componenttype":66,"componenttypeplatformname":"CustomControl"},{"dependencyid":"","logicalname":"eax_Eax.LottieComponent","componenttype":66,"componenttypeplatformname":"CustomControl"},{"dependencyid":"","logicalname":"eax_Eax.LottieComponent","componenttype":66,"componenttypeplatformname":"CustomControl"},{"dependencyid":"","logicalname":"aln_OnHoverReactPCFAln.OnHover","componenttype":66,"componenttypeplatformname":"CustomControl"},{"dependencyid":"","logicalname":"aln_OnHoverReactPCFAln.OnHover","componenttype":66,"componenttypeplatformname":"CustomControl"},{"dependencyid":"","logicalname":"arv4_onhoverPcfARv4.Onhoverv4","componenttype":66,"componenttypeplatformname":"CustomControl"},{"dependencyid":"","logicalname":"arv4_onhoverPcfARv4.Onhoverv4","componenttype":66,"componenttypeplatformname":"CustomControl"},{"dependencyid":"","logicalname":"arv4_onhoverPcfARv4.Onhoverv4","componenttype":66,"componenttypeplatformname":"CustomControl"},{"dependencyid":"","logicalname":"arv4_onhoverPcfARv4.Onhoverv4","componenttype":66,"componenttypeplatformname":"CustomControl"},{"dependencyid":"","logicalname":"arv4_onhoverPcfARv4.Onhoverv4","componenttype":66,"componenttypeplatformname":"CustomControl"},{"dependencyid":"","logicalname":"eax_Eax.LottieComponent","componenttype":66,"componenttypeplatformname":"CustomControl"},{"dependencyid":"","logicalname":"aln_OnHoverReactPCFAln.OnHover","componenttype":66,"componenttypeplatformname":"CustomControl"}]}</CdsDependencies>
      <IsCustomizable>1</IsCustomizable>
      <BackgroundImageUri>/CanvasApps/jc_animatelikeapro_2c4bf_BackgroundImageUri</BackgroundImageUri>
      <DocumentUri>/CanvasApps/jc_animatelikeapro_2c4bf_DocumentUri.msapp</DocumentUri>
      <AdditionalUris>
        <AdditionalUri>/CanvasApps/jc_animatelikeapro_2c4bf_AdditionalUris0_identity.json</AdditionalUri>
      </AdditionalUris>
    </CanvasApp>
  </CanvasApps>
  <Languages>
    <Language>1033</Language>
  </Languages>
</ImportExportXml>